{"0": [[0.4253410386362685, 0.3573684086365851, 0.15538043411925076, 0.2827682241595259], [0.2805820189002088, 0.22846621982414264, 0.19870303107923495, 0.2614778338641373], 2.218882886538673], "1": [[0.4228052566969352, 0.4925142674369933, 0.16668545038535, 0.20309097787081712], [0.291917392870978, 0.2067086070649774, 0.1892404144357713, 0.18022294258516966], 0.0601334043470542], "2": [[0.4422711691333848, 0.476849968811303, 0.1172587768708204, 0.09992831807788578], [0.3076552731975672, 0.22662978188465152, 0.15484226370554094, 0.12806426447151611], 0.3708522491905281], "3": [[0.3812282416973906, 0.4113088956171897, 0.2528051730802534, 0.2942399136374515], [0.2776802953446184, 0.20617663187811744, 0.25557890042443665, 0.24121927245087904], 0.07376127554169097], "4": [[0.26748801606245437, 0.33856464362890387, 0.4509962115826581, 0.2811349634625601], [0.25607982884427216, 0.18253935189825496, 0.3345280155304922, 0.22882235966954406], 0.043411363886141335], "5": [[0.31888670874900177, 0.33872213613108754, 0.35376186580129376, 0.36674134316572027], [0.27517139526241696, 0.20541435147933654, 0.27979676100647144, 0.2655228086035833], 0.05130741332521748], "6": [[0.22205536435252554, 0.29957908633595454, 0.5554591685512503, 0.44138633495732604], [0.23036344956751512, 0.17980723718709793, 0.2923835427051847, 0.26433730839455916], 0.03864329977089621], "7": [[0.37912905042310363, 0.4108626349016131, 0.2493197986053789, 0.23163404145774713], [0.299307093975296, 0.2299203470517423, 0.25317986995501074, 0.23285062855858502], 0.08431188549882912], "8": [[0.40715504872995484, 0.45180406673155954, 0.19788197288674106, 0.1409122144568498], [0.2845675316390539, 0.20797882934642636, 0.23302775725717925, 0.1801470273792173], 0.09095674080837285], "9": [[0.4760820249522905, 0.38445514814814385, 0.04321434926665523, 0.08551083717698163], [0.2730332432806871, 0.2161208162085896, 0.06749331489451556, 0.09888354910586673], 0.1089215213844294], "10": [[0.4049693682802522, 0.4189380262659341, 0.20113647156725634, 0.368788450690774], [0.2566324884361502, 0.24404720828265547, 0.18816213858082453, 0.2787656310033976], 0.015766736834986094], "11": [[0.41222994161887505, 0.31230269413481004, 0.19970754750722336, 0.24168135718243153], [0.25541051079863897, 0.21343148332510173, 0.19780946302164984, 0.21283270442695712], 0.016764310532856527], "12": [[0.41736640871687, 0.3499216690625523, 0.14222534166924905, 0.2639130279418767], [0.2545117096631968, 0.22712060223754552, 0.18564007063360494, 0.27838900289173246], 0.01086340848952125], "13": [[0.378107291387023, 0.46631463451885635, 0.2536263622755638, 0.18304773266129046], [0.2982573418464131, 0.217271694314677, 0.2537690016704825, 0.19843133765343965], 0.08317059355635023], "14": [[0.44058400735882736, 0.435124222471752, 0.12774597776582647, 0.1463659632514326], [0.2547929212012044, 0.23020973208091755, 0.18321600777034636, 0.19188821320869584], 0.09135407948464329], "15": [[0.26420320080825527, 0.2788803475730358, 0.4703397924102676, 0.49242721004698553], [0.20523825388825032, 0.19862342178944814, 0.25451786100998086, 0.2550972604566653], 0.04030874060547651], "16": [[0.33622340211962054, 0.3724053917927304, 0.34013177209788586, 0.3870453211519462], [0.23066095163373002, 0.2223011954883828, 0.2518297393025116, 0.26439464273362984], 0.046564711253138553], "17": [[0.37843477513828755, 0.3997889039968986, 0.24679088254916268, 0.34640077098507166], [0.24709206842346293, 0.1871654274384258, 0.21949297385972236, 0.2542860896936432], 0.05568659277858091], "18": [[0.4187278124237448, 0.4718927042282956, 0.1534362520417279, 0.17546590468426107], [0.2518732801678812, 0.19279362788095242, 0.1792342230248606, 0.17627731496021223], 0.08038922282245724], "19": [[0.41308637179928126, 0.43088031659613796, 0.1804370853442428, 0.21395804133938495], [0.2627788402332789, 0.18508979649504761, 0.19436184842986548, 0.21528065969659305], 0.0688748552250036], "20": [[0.34750070455042126, 0.34820498556019275, 0.29825012884554636, 0.3832091059426362], [0.2514360721887119, 0.1880443041053756, 0.2396504492525799, 0.2688115996631411], 0.04660698132508222], "21": [[0.29309125207871756, 0.2885954140960225, 0.413931126655698, 0.4780305167704919], [0.20452595790396816, 0.18406142545752874, 0.24396009965655296, 0.26071542628631345], 0.010939494619019842], "22": [[0.3553070376242714, 0.3493377246227196, 0.2874171595549103, 0.3691632280797731], [0.24811292320770545, 0.1929916587150502, 0.22088215420447133, 0.2549558184290971], 0.04483163830344839], "23": [[0.3349876849727027, 0.2838792019187658, 0.32391795272794116, 0.5229202448003466], [0.2301661817533967, 0.17428618376948424, 0.22851332502363175, 0.2589804404979473], 0.0433775478285864], "24": [[0.4498849944224092, 0.4797002055160235, 0.10035455245094742, 0.1429387430153281], [0.27001345019631295, 0.20927174982871116, 0.11009120687209098, 0.12558779597140807], 0.07371900546974731], "25": [[0.3959423333956351, 0.36093987963978025, 0.20890181228957483, 0.16784744218105754], [0.2743931447972264, 0.2257352323790415, 0.21565828996847694, 0.18301876027049774], 0.09663783847760109], "26": [[0.4614158567254878, 0.5149934501066427, 0.08640385254921, 0.1378230170096802], [0.2788010380421602, 0.2089070876023491, 0.1023416569494496, 0.12330187412996102], 0.10444089375840118], "27": [[0.46173712236667613, 0.4037192055970754, 0.08728152334387347, 0.20636087580039802], [0.22347957017230424, 0.1818817664718996, 0.11963746815422355, 0.19552302721481132], 0.05491727746920625], "28": [[0.3812922795206128, 0.46663145511985815, 0.231949118752116, 0.2492134978365841], [0.25474869051537496, 0.21894640679573651, 0.23107897425613091, 0.21618728008320773], 0.052347257095031574], "29": [[0.43417632746368157, 0.42765054558374954, 0.12257445097854382, 0.09839301158133555], [0.21352709690841673, 0.21594038834276805, 0.11729167605900023, 0.1021379719282374], 0.022673666590580538], "30": [[0.4099780531833707, 0.6270935185550134, 0.18087886977930265, 0.11181366612715929], [0.2347588671448335, 0.21012885129717485, 0.17338032749389667, 0.14868339201016972], 0.05618537962751612], "31": [[0.40955671816428163, 0.5373845837446356, 0.19603312703408518, 0.1610043163709191], [0.2330617175598559, 0.2167951045183271, 0.1857979084902275, 0.1870448547398789], 0.022699028633746735], "32": [[0.47988768531184445, 0.47541350504001373, 0.04542742367116909, 0.047511200404004326], [0.25163714585082597, 0.23299377009822209, 0.07614871231780203, 0.062292814852247094], 0.05365762932528511], "33": [[0.4443149240507946, 0.37637240918115095, 0.11776158717028137, 0.11564767380254114], [0.25653826699186194, 0.21772606353959634, 0.17664629337130974, 0.15953404709191327], 0.07672863459213608], "34": [[0.4309779588023162, 0.3632172432501869, 0.1311473169498962, 0.16552744622329277], [0.22578614371261774, 0.19845797703187743, 0.13365943967435598, 0.1417667760530003], 0.027695351137487636], "35": [[0.4813770937996339, 0.4975363900137196, 0.06549336703158212, 0.08105465699321517], [0.23272987164096984, 0.17636731115637064, 0.07689378694581057, 0.07497314951772216], 0.03167719191458064], "36": [[0.405428823412623, 0.5645324911988306, 0.17968338446299773, 0.13533324666173924], [0.22623665075315771, 0.19562370164712906, 0.16161097845127878, 0.1309393835211996], 0.04686060175674419], "37": [[0.3965014902496824, 0.4849055078173756, 0.20337332947283035, 0.1735566164998538], [0.23164711730093895, 0.20446811867254958, 0.19655395886968607, 0.19865942800703937], 0.05178929214537523], "38": [[0.41581228598726544, 0.41126028326819786, 0.14954192761199872, 0.1730146709550302], [0.22987934665463053, 0.2025217420536339, 0.13269787521720944, 0.13217672642571246], 0.04068071723858074], "39": [[0.4743854878618915, 0.39812743589140115, 0.060526872854003246, 0.14524081204333997], [0.2713940905743552, 0.23286991046545505, 0.08307572081954118, 0.13168376552229047], 0.20578761825052627],